job_title,experience_level,employment_type,work_models,work_year,employee_residence,salary,salary_currency,salary_in_usd,company_location,company_size
Data Engineer,Mid-level,Full-time,Remote,2024,United States,148100,USD,148100,United States,Medium
Data Engineer,Mid-level,Full-time,Remote,2024,United States,98700,USD,98700,United States,Medium
Data Scientist,Senior-level,Full-time,Remote,2024,United States,140032,USD,140032,United States,Medium
Data Scientist,Senior-level,Full-time,Remote,2024,United States,100022,USD,100022,United States,Medium
BI Developer,Mid-level,Full-time,On-site,2024,United States,120000,USD,120000,United States,Medium
BI Developer,Mid-level,Full-time,On-site,2024,United States,62100,USD,62100,United States,Medium
Research Analyst,Entry-level,Full-time,On-site,2024,United States,250000,USD,250000,United States,Medium
Research Analyst,Entry-level,Full-time,On-site,2024,United States,150000,USD,150000,United States,Medium
Data Engineer,Executive-level,Full-time,Remote,2024,United States,219650,USD,219650,United States,Medium
Data Engineer,Executive-level,Full-time,Remote,2024,United States,136000,USD,136000,United States,Medium
